"State","County","Year","Days with AQI","Good Days","Moderate Days","Unhealthy for Sensitive Groups Days","Unhealthy Days","Very Unhealthy Days","Hazardous Days","Max AQI","90th Percentile AQI","Median AQI","Days CO","Days NO2","Days Ozone","Days PM2.5","Days PM10"
"Alabama","Baldwin",2024,111,98,13,0,0,0,0,66,51,33,0,0,23,88,0
"Alabama","Clay",2024,121,96,25,0,0,0,0,75,55,28,0,0,0,121,0
"Alabama","DeKalb",2024,152,120,32,0,0,0,0,77,58,42,0,0,116,36,0
"Alabama","Elmore",2024,28,28,0,0,0,0,0,50,47,41,0,0,28,0,0
"Alabama","Etowah",2024,120,74,46,0,0,0,0,93,66,42,0,0,14,106,0
"Alabama","Jefferson",2024,22,16,6,0,0,0,0,88,67,40,0,0,0,22,0
"Alabama","Madison",2024,90,67,23,0,0,0,0,89,59,39,0,0,21,69,0
"Alabama","Mobile",2024,120,78,42,0,0,0,0,77,57,44,0,0,18,101,1
"Alabama","Montgomery",2024,113,70,43,0,0,0,0,75,58,41,0,0,13,99,1
"Alabama","Morgan",2024,121,85,36,0,0,0,0,79,58,36,0,0,18,103,0
"Alabama","Russell",2024,57,41,16,0,0,0,0,98,58,43,0,0,23,34,0
"Alabama","Shelby",2024,31,30,1,0,0,0,0,54,47,40,0,0,31,0,0
"Alabama","Sumter",2024,121,111,10,0,0,0,0,72,47,24,0,0,20,101,0
"Alabama","Tuscaloosa",2024,120,103,15,2,0,0,0,125,53,28,0,0,21,99,0
"Alaska","Anchorage ",2024,92,71,21,0,0,0,0,80,56,26,4,0,0,69,19
"Alaska","Denali ",2024,151,148,3,0,0,0,0,58,44,39,0,0,151,0,0
"Alaska","Fairbanks North Star ",2024,92,27,53,9,2,1,0,220,121,61,1,0,10,81,0
"Alaska","Juneau ",2024,84,63,21,0,0,0,0,73,56,30,0,0,0,84,0
"Alaska","Matanuska-Susitna ",2024,91,73,18,0,0,0,0,74,60,19,0,0,0,87,4
"Arizona","Apache",2024,179,179,0,0,0,0,0,40,26,11,0,0,0,2,177
"Arizona","Cochise",2024,182,124,52,6,0,0,0,120,80,45,0,0,145,0,37
"Arizona","Coconino",2024,152,109,41,2,0,0,0,108,74,45,0,0,152,0,0
"Arizona","Gila",2024,182,102,63,17,0,0,0,140,100,48,0,0,169,0,13
"Arizona","La Paz",2024,179,113,63,3,0,0,0,105,77,46,0,0,175,2,2
"Arizona","Maricopa",2024,213,39,161,12,0,1,0,261,93,64,0,0,144,57,12
"Arizona","Mohave",2024,176,175,1,0,0,0,0,69,28,17,0,0,0,0,176
"Arizona","Navajo",2024,182,182,0,0,0,0,0,45,19,12,0,0,0,0,182
"Arizona","Pima",2024,183,88,88,5,2,0,0,171,87,51,1,0,125,37,20
"Arizona","Pinal",2024,182,83,92,7,0,0,0,115,93,52,0,0,141,33,8
"Arizona","Santa Cruz",2024,178,129,47,1,0,1,0,205,65,38,0,0,0,134,44
"Arizona","Yavapai",2024,181,112,67,2,0,0,0,115,87,47,0,0,181,0,0
"Arizona","Yuma",2024,182,123,58,1,0,0,0,101,75,44,0,0,117,28,37
"Arkansas","Arkansas",2024,60,41,19,0,0,0,0,73,58,44,0,0,0,60,0
"Arkansas","Ashley",2024,61,43,18,0,0,0,0,67,57,37,0,0,0,61,0
"Arkansas","Clark",2024,150,142,8,0,0,0,0,67,46,34,0,0,150,0,0
"Arkansas","Crittenden",2024,182,151,26,5,0,0,0,133,58,42,0,1,148,33,0
"Arkansas","Garland",2024,47,30,17,0,0,0,0,73,62,45,0,0,0,47,0
"Arkansas","Jackson",2024,58,48,10,0,0,0,0,70,56,34,0,0,0,58,0
"Arkansas","Newton",2024,182,176,6,0,0,0,0,67,48,40,0,0,182,0,0
"Arkansas","Polk",2024,139,104,35,0,0,0,0,87,59,44,0,0,96,43,0
"Arkansas","Pulaski",2024,183,88,93,1,0,1,0,205,65,51,1,0,49,133,0
"Arkansas","Union",2024,61,37,24,0,0,0,0,75,62,44,0,0,0,61,0
"Arkansas","Washington",2024,182,150,31,1,0,0,0,101,54,43,0,0,149,33,0
"California","Alameda",2024,61,52,9,0,0,0,0,63,55,39,1,2,18,40,0
"California","Amador",2024,31,31,0,0,0,0,0,42,33,29,0,0,31,0,0
"California","Butte",2024,57,43,14,0,0,0,0,69,57,34,1,0,13,43,0
"California","Calaveras",2024,31,31,0,0,0,0,0,47,43,31,0,0,19,12,0
"California","Colusa",2024,173,22,151,0,0,0,0,72,60,53,0,0,1,172,0
"California","Contra Costa",2024,61,42,19,0,0,0,0,67,58,42,1,0,13,47,0
"California","Del Norte",2024,38,34,4,0,0,0,0,55,51,35,0,0,0,38,0
"California","El Dorado",2024,31,31,0,0,0,0,0,43,39,31,0,0,28,0,3
"California","Fresno",2024,182,96,76,9,1,0,0,151,84,49,0,0,124,58,0
"California","Glenn",2024,31,29,2,0,0,0,0,52,42,27,0,0,8,23,0
"California","Humboldt",2024,205,187,18,0,0,0,0,86,48,33,0,0,60,145,0
"California","Imperial",2024,157,63,79,15,0,0,0,133,100,54,0,0,98,44,15
"California","Inyo",2024,152,52,93,2,2,0,3,1322,86,58,0,0,82,54,16
"California","Kern",2024,152,68,79,5,0,0,0,122,84,52,0,0,102,50,0
"California","Lake",2024,31,31,0,0,0,0,0,36,26,15,0,0,0,31,0
"California","Los Angeles",2024,153,36,110,7,0,0,0,140,87,59,1,1,56,92,3
"California","Marin",2024,61,60,1,0,0,0,0,59,38,29,1,3,49,8,0
"California","Mariposa",2024,152,137,15,0,0,0,0,77,50,43,0,0,149,3,0
"California","Mono",2024,91,83,8,0,0,0,0,69,45,16,0,0,0,36,55
"California","Monterey",2024,122,117,5,0,0,0,0,61,45,37,1,0,97,24,0
"California","Nevada",2024,91,86,5,0,0,0,0,69,44,32,0,0,67,24,0
"California","Orange",2024,153,80,73,0,0,0,0,92,60,49,1,8,53,90,1
"California","Placer",2024,152,108,44,0,0,0,0,93,58,46,0,0,108,44,0
"California","Plumas",2024,94,13,78,3,0,0,0,107,93,67,0,0,0,94,0
"California","Riverside",2024,153,37,97,17,2,0,0,193,103,63,1,0,69,63,20
"California","Sacramento",2024,157,129,28,0,0,0,0,76,55,34,0,0,17,140,0
"California","San Benito",2024,151,142,9,0,0,0,0,61,48,38,0,0,122,29,0
"California","San Bernardino",2024,153,42,96,12,3,0,0,169,100,59,1,2,81,63,6
"California","San Diego",2024,150,95,51,4,0,0,0,119,77,46,0,0,133,17,0
"California","San Francisco",2024,60,60,0,0,0,0,0,38,33,29,0,26,34,0,0
"California","San Joaquin",2024,31,10,21,0,0,0,0,79,72,55,0,0,1,30,0
"California","San Luis Obispo",2024,152,146,6,0,0,0,0,58,45,39,0,0,144,8,0
"California","San Mateo",2024,61,42,19,0,0,0,0,64,56,44,1,0,10,50,0
"California","Santa Barbara",2024,92,84,8,0,0,0,0,60,46,39,1,0,71,20,0
"California","Santa Clara",2024,61,44,17,0,0,0,0,80,56,37,1,1,28,31,0
"California","Santa Cruz",2024,121,111,10,0,0,0,0,58,47,39,0,0,56,65,0
"California","Shasta",2024,156,148,8,0,0,0,0,84,49,42,0,0,137,14,5
"California","Solano",2024,106,98,8,0,0,0,0,67,49,36,0,2,67,22,15
"California","Sonoma",2024,91,90,1,0,0,0,0,53,36,29,2,0,44,14,31
"California","Stanislaus",2024,55,33,22,0,0,0,0,81,68,40,1,0,4,50,0
"California","Sutter",2024,31,24,7,0,0,0,0,61,57,33,0,0,11,20,0
"California","Tehama",2024,91,89,2,0,0,0,0,54,39,31,0,0,69,22,0
"California","Trinity",2024,91,58,32,1,0,0,0,113,58,41,0,0,0,91,0
"California","Tulare",2024,157,71,81,5,0,0,0,133,84,52,0,0,86,71,0
"California","Tuolumne",2024,31,31,0,0,0,0,0,44,34,28,0,0,31,0,0
"California","Ventura",2024,121,105,16,0,0,0,0,97,53,41,0,0,92,28,1
"California","Yolo",2024,106,94,12,0,0,0,0,69,53,37,0,0,62,39,5
"Colorado","Adams",2024,160,107,53,0,0,0,0,97,67,44,0,17,63,55,25
"Colorado","Alamosa",2024,152,138,14,0,0,0,0,98,46,23,0,0,0,121,31
"Colorado","Arapahoe",2024,121,93,28,0,0,0,0,90,61,44,0,0,113,8,0
"Colorado","Archuleta",2024,184,175,9,0,0,0,0,64,47,33,0,1,124,0,59
"Colorado","Boulder",2024,152,123,29,0,0,0,0,87,56,42,0,0,72,72,8
"Colorado","Clear Creek",2024,113,85,28,0,0,0,0,100,61,47,0,0,113,0,0
"Colorado","Denver",2024,194,124,69,1,0,0,0,101,64,46,0,28,42,124,0
"Colorado","Douglas",2024,149,119,29,1,0,0,0,112,61,42,0,0,104,45,0
"Colorado","El Paso",2024,159,128,30,1,0,0,0,129,58,44,0,0,104,48,7
"Colorado","Fremont",2024,152,152,0,0,0,0,0,43,23,12,0,0,0,0,152
"Colorado","Garfield",2024,181,170,11,0,0,0,0,77,50,44,0,0,179,2,0
"Colorado","Gilpin",2024,120,100,20,0,0,0,0,93,61,46,0,0,120,0,0
"Colorado","Gunnison",2024,151,99,52,0,0,0,0,100,67,47,0,0,151,0,0
"Colorado","Jackson",2024,91,91,0,0,0,0,0,49,46,43,0,0,88,3,0
"Colorado","Jefferson",2024,121,89,31,1,0,0,0,105,67,46,0,0,121,0,0
"Colorado","La Plata",2024,213,127,85,1,0,0,0,101,77,48,0,2,204,7,0
"Colorado","Larimer",2024,152,85,67,0,0,0,0,93,71,50,0,0,127,25,0
"Colorado","Mesa",2024,185,151,34,0,0,0,0,90,54,43,0,0,169,11,5
"Colorado","Montezuma",2024,182,135,47,0,0,0,0,84,64,45,0,0,182,0,0
"Colorado","Pitkin",2024,48,48,0,0,0,0,0,43,26,9,0,0,0,0,48
"Colorado","Prowers",2024,152,149,3,0,0,0,0,56,41,23,0,0,0,111,41
"Colorado","Pueblo",2024,152,136,15,1,0,0,0,105,51,40,0,0,108,36,8
"Colorado","Rio Blanco",2024,91,89,2,0,0,0,0,51,47,43,0,0,89,2,0
"Colorado","Routt",2024,151,150,1,0,0,0,0,53,31,12,0,0,0,0,151
"Colorado","San Miguel",2024,147,145,2,0,0,0,0,54,30,10,0,0,0,0,147
"Colorado","Weld",2024,154,103,51,0,0,0,0,88,61,45,0,0,76,78,0
"Connecticut","Fairfield",2024,91,74,17,0,0,0,0,64,56,38,0,11,26,54,0
"Connecticut","Hartford",2024,92,77,15,0,0,0,0,67,55,38,1,8,44,39,0
"Connecticut","Litchfield",2024,92,89,3,0,0,0,0,53,44,37,3,0,80,9,0
"Connecticut","Middlesex",2024,29,28,1,0,0,0,0,54,45,39,0,0,29,0,0
"Connecticut","New Haven",2024,92,70,22,0,0,0,0,64,56,41,1,5,40,46,0
"Connecticut","New London",2024,91,83,8,0,0,0,0,56,48,31,0,0,27,64,0
"Connecticut","Tolland",2024,31,31,0,0,0,0,0,49,44,38,0,0,31,0,0
"Connecticut","Windham",2024,147,144,3,0,0,0,0,80,45,36,0,0,147,0,0
"Country Of Mexico","SONORA",2024,182,68,111,2,1,0,0,173,77,55,0,0,62,46,74
"Delaware","Kent",2024,61,48,13,0,0,0,0,77,59,40,0,0,40,21,0
"Delaware","New Castle",2024,166,125,41,0,0,0,0,77,59,37,0,0,42,124,0
"Delaware","Sussex",2024,91,76,15,0,0,0,0,75,55,38,0,0,59,32,0
"District Of Columbia","District of Columbia",2024,183,128,52,3,0,0,0,114,64,44,1,10,117,55,0
"Florida","Alachua",2024,91,80,11,0,0,0,0,94,53,38,0,0,54,37,0
"Florida","Baker",2024,91,70,21,0,0,0,0,76,56,44,0,0,23,68,0
"Florida","Bay",2024,89,50,39,0,0,0,0,68,58,48,0,0,25,64,0
"Florida","Brevard",2024,91,81,10,0,0,0,0,64,51,42,0,0,77,14,0
"Florida","Broward",2024,92,52,39,0,1,0,0,154,58,49,1,2,31,57,1
"Florida","Citrus",2024,91,63,28,0,0,0,0,69,57,44,0,0,0,91,0
"Florida","Collier",2024,182,125,57,0,0,0,0,87,58,45,0,0,70,112,0
"Florida","Columbia",2024,91,55,36,0,0,0,0,80,59,44,0,0,21,70,0
"Florida","Duval",2024,92,51,41,0,0,0,0,94,61,49,1,0,25,66,0
"Florida","Escambia",2024,182,126,56,0,0,0,0,84,59,44,0,0,107,75,0
"Florida","Flagler",2024,91,90,1,0,0,0,0,71,45,37,0,0,91,0,0
"Florida","Hamilton",2024,88,65,23,0,0,0,0,75,60,44,0,0,0,88,0
"Florida","Highlands",2024,181,151,30,0,0,0,0,77,58,41,0,0,181,0,0
"Florida","Hillsborough",2024,92,46,45,1,0,0,0,122,61,51,1,0,29,62,0
"Florida","Holmes",2024,90,62,28,0,0,0,0,70,59,42,0,0,31,59,0
"Florida","Indian River",2024,147,146,1,0,0,0,0,51,45,37,0,0,147,0,0
"Florida","Lake",2024,91,84,7,0,0,0,0,61,48,38,0,0,91,0,0
"Florida","Lee",2024,182,161,21,0,0,0,0,80,54,38,0,0,182,0,0
"Florida","Leon",2024,91,64,27,0,0,0,0,87,66,42,0,0,36,55,0
"Florida","Liberty",2024,123,120,3,0,0,0,0,54,44,34,0,0,123,0,0
"Florida","Manatee",2024,91,83,7,0,1,0,0,169,50,38,0,0,91,0,0
"Florida","Marion",2024,91,41,50,0,0,0,0,89,60,52,0,0,17,74,0
"Florida","Martin",2024,89,83,6,0,0,0,0,54,50,41,0,0,68,21,0
"Florida","Miami-Dade",2024,182,101,79,1,1,0,0,197,61,49,0,7,58,117,0
"Florida","Okaloosa",2024,91,87,4,0,0,0,0,71,47,36,0,0,91,0,0
"Florida","Orange",2024,183,125,56,2,0,0,0,121,64,45,1,0,112,70,0
"Florida","Osceola",2024,91,86,5,0,0,0,0,61,48,36,0,0,91,0,0
"Florida","Palm Beach",2024,182,112,70,0,0,0,0,76,58,46,0,0,71,111,0
"Florida","Pasco",2024,91,82,9,0,0,0,0,87,50,40,0,0,91,0,0
"Florida","Pinellas",2024,183,87,93,3,0,0,0,132,62,51,1,0,65,117,0
"Florida","Polk",2024,91,68,22,1,0,0,0,105,54,43,0,0,50,41,0
"Florida","Putnam",2024,88,87,1,0,0,0,0,52,33,20,0,0,0,0,88
"Florida","Santa Rosa",2024,182,118,64,0,0,0,0,81,59,46,0,0,72,110,0
"Florida","Sarasota",2024,91,61,30,0,0,0,0,77,58,47,0,0,37,54,0
"Florida","Seminole",2024,91,72,18,1,0,0,0,149,56,40,0,0,58,33,0
"Florida","St. Lucie",2024,90,88,2,0,0,0,0,58,46,39,0,0,90,0,0
"Florida","Volusia",2024,91,74,17,0,0,0,0,76,54,42,0,0,50,41,0
"Florida","Wakulla",2024,89,70,19,0,0,0,0,66,55,38,0,0,46,43,0
"Georgia","Bibb",2024,182,92,88,2,0,0,0,123,66,50,0,0,25,157,0
"Georgia","Chatham",2024,179,133,45,1,0,0,0,130,61,42,0,0,46,133,0
"Georgia","Chattooga",2024,89,87,2,0,0,0,0,67,48,39,0,0,89,0,0
"Georgia","Clarke",2024,182,113,67,2,0,0,0,126,65,46,0,0,63,119,0
"Georgia","Clayton",2024,148,81,65,2,0,0,0,128,66,45,0,0,0,148,0
"Georgia","Cobb",2024,180,104,76,0,0,0,0,86,68,48,0,0,61,119,0
"Georgia","Coffee",2024,152,100,51,1,0,0,0,137,62,44,0,0,0,152,0
"Georgia","Columbia",2024,69,61,8,0,0,0,0,90,58,42,0,0,69,0,0
"Georgia","Dawson",2024,122,107,14,0,1,0,0,154,54,41,0,0,122,0,0
"Georgia","DeKalb",2024,183,88,95,0,0,0,0,93,67,51,1,9,42,131,0
"Georgia","Dougherty",2024,166,93,69,4,0,0,0,121,75,47,0,0,0,166,0
"Georgia","Douglas",2024,121,102,18,1,0,0,0,133,64,43,0,0,121,0,0
"Georgia","Floyd",2024,179,118,61,0,0,0,0,79,62,37,0,0,0,179,0
"Georgia","Fulton",2024,183,108,75,0,0,0,0,87,62,46,1,14,38,130,0
"Georgia","Glynn",2024,176,143,33,0,0,0,0,84,56,39,0,0,50,126,0
"Georgia","Gwinnett",2024,182,89,93,0,0,0,0,93,69,51,0,0,33,149,0
"Georgia","Hall",2024,182,92,90,0,0,0,0,100,70,50,0,0,0,182,0
"Georgia","Henry",2024,181,134,47,0,0,0,0,90,61,40,0,0,48,133,0
"Georgia","Houston",2024,179,121,57,1,0,0,0,105,61,41,0,0,0,179,0
"Georgia","Lowndes",2024,161,101,59,1,0,0,0,110,59,43,0,0,0,161,0
"Georgia","Murray",2024,90,71,19,0,0,0,0,77,61,43,0,0,90,0,0
"Georgia","Muscogee",2024,213,127,79,7,0,0,0,127,67,46,0,0,78,135,0
"Georgia","Pike",2024,143,120,23,0,0,0,0,84,58,40,0,0,143,0,0
"Georgia","Richmond",2024,180,109,70,1,0,0,0,105,64,45,0,0,35,145,0
"Georgia","Rockdale",2024,91,84,7,0,0,0,0,74,49,39,0,0,91,0,0
"Georgia","Sumter",2024,92,83,9,0,0,0,0,84,50,41,0,0,92,0,0
"Georgia","Walker",2024,179,86,93,0,0,0,0,98,69,52,0,0,0,179,0
"Georgia","Washington",2024,180,112,67,1,0,0,0,101,64,44,0,0,0,180,0
"Hawaii","Hawaii",2024,121,119,2,0,0,0,0,53,29,20,0,0,0,121,0
"Hawaii","Honolulu",2024,92,89,3,0,0,0,0,85,42,36,1,0,56,35,0
"Hawaii","Maui",2024,91,90,0,1,0,0,0,101,33,21,0,0,0,91,0
"Idaho","Ada",2024,92,81,7,3,1,0,0,157,61,37,1,11,51,29,0
"Idaho","Bannock",2024,91,87,4,0,0,0,0,57,36,14,0,0,0,50,41
"Idaho","Benewah",2024,91,46,44,1,0,0,0,111,66,50,0,0,0,91,0
"Idaho","Blaine",2024,91,91,0,0,0,0,0,39,22,12,0,0,0,91,0
"Idaho","Boise",2024,91,61,30,0,0,0,0,67,57,44,0,0,0,91,0
"Idaho","Bonner",2024,91,86,5,0,0,0,0,60,48,28,0,0,0,87,4
"Idaho","Bonneville",2024,91,88,3,0,0,0,0,55,30,14,0,0,0,91,0
"Idaho","Butte",2024,150,139,11,0,0,0,0,74,49,42,0,0,150,0,0
"Idaho","Canyon",2024,91,76,13,1,1,0,0,152,56,28,0,0,0,90,1
"Idaho","Franklin",2024,91,67,22,1,1,0,0,161,62,24,0,0,0,91,0
"Idaho","Idaho",2024,151,113,38,0,0,0,0,86,59,41,0,0,76,75,0
"Idaho","Kootenai",2024,87,87,0,0,0,0,0,48,35,19,0,0,0,87,0
"Idaho","Latah",2024,91,88,3,0,0,0,0,59,32,12,0,0,0,91,0
"Idaho","Lemhi",2024,91,49,41,1,0,0,0,111,78,45,0,0,0,91,0
"Idaho","Nez Perce",2024,91,73,18,0,0,0,0,84,54,26,0,0,0,91,0
"Idaho","Shoshone",2024,91,42,49,0,0,0,0,91,66,51,0,0,0,91,0
"Idaho","Twin Falls",2024,87,86,1,0,0,0,0,52,25,12,0,0,0,87,0
"Idaho","Valley",2024,87,72,15,0,0,0,0,73,55,33,0,0,0,87,0
"Illinois","Adams",2024,116,103,13,0,0,0,0,97,51,43,0,0,116,0,0
"Illinois","Champaign",2024,183,130,53,0,0,0,0,96,61,44,0,0,110,73,0
"Illinois","Clark",2024,179,162,17,0,0,0,0,90,50,38,0,0,179,0,0
"Illinois","Cook",2024,184,75,107,2,0,0,0,129,77,53,1,12,68,98,5
"Illinois","DuPage",2024,182,123,59,0,0,0,0,84,61,44,0,0,78,104,0
"Illinois","Effingham",2024,122,110,11,1,0,0,0,101,50,41,0,0,122,0,0
"Illinois","Hamilton",2024,182,127,54,1,0,0,0,112,58,44,0,0,77,105,0
"Illinois","Jersey",2024,149,115,33,1,0,0,0,112,58,44,0,0,85,64,0
"Illinois","Jo Daviess",2024,149,139,10,0,0,0,0,80,49,36,0,0,149,0,0
"Illinois","Kane",2024,144,115,29,0,0,0,0,93,61,42,0,0,109,35,0
"Illinois","Lake",2024,122,104,17,1,0,0,0,140,58,41,0,0,122,0,0
"Illinois","Macon",2024,182,128,53,1,0,0,0,101,59,43,0,0,87,95,0
"Illinois","Macoupin",2024,182,169,12,1,0,0,0,105,48,37,0,64,118,0,0
"Illinois","Madison",2024,182,97,83,1,1,0,0,165,71,49,0,0,74,108,0
"Illinois","McHenry",2024,182,142,40,0,0,0,0,90,58,40,0,0,95,87,0
"Illinois","McLean",2024,182,123,58,1,0,0,0,112,61,44,0,0,100,82,0
"Illinois","Peoria",2024,160,115,45,0,0,0,0,100,61,44,0,0,95,65,0
"Illinois","Randolph",2024,182,149,33,0,0,0,0,100,53,39,0,0,88,94,0
"Illinois","Rock Island",2024,182,139,43,0,0,0,0,84,55,44,0,0,100,82,0
"Illinois","Saint Clair",2024,182,115,66,1,0,0,0,112,64,45,0,1,64,117,0
"Illinois","Sangamon",2024,182,132,49,1,0,0,0,105,58,43,0,0,89,93,0
"Illinois","Will",2024,182,129,53,0,0,0,0,84,59,44,0,0,85,97,0
"Illinois","Winnebago",2024,182,133,49,0,0,0,0,84,58,43,0,0,98,84,0
"Indiana","Allen",2024,182,126,56,0,0,0,0,100,64,44,0,0,121,61,0
"Indiana","Bartholomew",2024,213,158,54,1,0,0,0,101,58,44,0,0,143,70,0
"Indiana","Boone",2024,178,159,19,0,0,0,0,93,51,37,0,0,178,0,0
"Indiana","Brown",2024,213,200,13,0,0,0,0,77,49,38,0,0,213,0,0
"Indiana","Carroll",2024,181,151,30,0,0,0,0,90,54,39,0,0,181,0,0
"Indiana","Clark",2024,206,135,69,2,0,0,0,112,61,46,0,0,114,91,1
"Indiana","Delaware",2024,181,126,55,0,0,0,0,97,61,44,0,0,111,70,0
"Indiana","Dubois",2024,152,108,44,0,0,0,0,65,57,39,0,0,0,152,0
"Indiana","Elkhart",2024,182,125,57,0,0,0,0,93,64,44,0,0,108,74,0
"Indiana","Floyd",2024,182,144,37,0,1,0,0,154,55,41,0,0,118,64,0
"Indiana","Greene",2024,178,136,42,0,0,0,0,97,57,42,0,0,101,77,0
"Indiana","Hamilton",2024,182,131,50,1,0,0,0,108,59,43,0,0,108,74,0
"Indiana","Hendricks",2024,171,165,6,0,0,0,0,77,47,36,0,0,171,0,0
"Indiana","Henry",2024,152,115,37,0,0,0,0,75,55,36,0,0,0,152,0
"Indiana","Howard",2024,182,110,72,0,0,0,0,93,63,46,0,0,108,74,0
"Indiana","Knox",2024,146,136,10,0,0,0,0,64,49,37,0,0,146,0,0
"Indiana","LaPorte",2024,182,150,31,1,0,0,0,105,60,40,0,0,161,21,0
"Indiana","Lake",2024,182,90,91,0,1,0,0,166,68,51,0,0,73,104,5
"Indiana","Madison",2024,182,134,48,0,0,0,0,90,58,44,0,0,108,74,0
"Indiana","Marion",2024,183,80,103,0,0,0,0,92,70,52,1,1,69,112,0
"Indiana","Monroe",2024,150,125,25,0,0,0,0,61,54,33,0,0,0,150,0
"Indiana","Perry",2024,154,134,20,0,0,0,0,90,51,41,0,0,154,0,0
"Indiana","Porter",2024,182,141,41,0,0,0,0,71,59,40,0,0,85,60,37
"Indiana","Posey",2024,181,169,11,1,0,0,0,122,49,38,0,0,181,0,0
"Indiana","Shelby",2024,181,161,20,0,0,0,0,87,51,38,0,0,181,0,0
"Indiana","Spencer",2024,48,39,9,0,0,0,0,57,54,31,0,0,0,48,0
"Indiana","St. Joseph",2024,182,123,59,0,0,0,0,87,62,44,0,0,109,73,0
"Indiana","Tippecanoe",2024,145,108,37,0,0,0,0,66,56,38,0,0,0,145,0
"Indiana","Vanderburgh",2024,212,149,61,2,0,0,0,119,59,44,0,0,126,86,0
"Indiana","Vigo",2024,182,109,73,0,0,0,0,90,63,46,0,0,87,95,0
"Indiana","Wabash",2024,152,141,11,0,0,0,0,77,49,35,0,0,152,0,0
"Indiana","Warrick",2024,213,192,20,1,0,0,0,101,50,40,0,0,213,0,0
"Indiana","Whitley",2024,152,113,39,0,0,0,0,70,55,35,0,0,0,152,0
"Iowa","Black Hawk",2024,212,141,71,0,0,0,0,87,57,43,0,0,0,212,0
"Iowa","Bremer",2024,142,122,20,0,0,0,0,71,54,41,0,0,142,0,0
"Iowa","Clinton",2024,212,138,74,0,0,0,0,84,58,46,0,0,102,110,0
"Iowa","Harrison",2024,153,128,25,0,0,0,0,90,61,43,0,0,153,0,0
"Iowa","Johnson",2024,211,158,53,0,0,0,0,67,56,36,0,0,0,211,0
"Iowa","Linn",2024,213,146,67,0,0,0,0,77,60,45,0,0,104,109,0
"Iowa","Montgomery",2024,202,155,47,0,0,0,0,76,57,44,0,0,103,99,0
"Iowa","Muscatine",2024,213,163,50,0,0,0,0,78,55,37,0,0,0,213,0
"Iowa","Palo Alto",2024,210,156,54,0,0,0,0,96,58,43,0,0,112,98,0
"Iowa","Polk",2024,213,139,74,0,0,0,0,80,59,46,0,2,106,105,0
"Iowa","Pottawattamie",2024,59,43,16,0,0,0,0,65,56,40,0,0,0,59,0
"Iowa","Scott",2024,214,131,83,0,0,0,0,90,63,47,1,0,108,77,28
"Iowa","Van Buren",2024,213,120,92,1,0,0,0,138,60,48,0,0,63,150,0
"Iowa","Woodbury",2024,172,135,37,0,0,0,0,84,58,43,0,0,144,28,0
"Kansas","Ford",2024,91,90,1,0,0,0,0,61,28,11,0,0,0,0,91
"Kansas","Johnson",2024,91,64,27,0,0,0,0,77,59,41,0,0,36,55,0
"Kansas","Leavenworth",2024,91,91,0,0,0,0,0,49,44,33,0,0,91,0,0
"Kansas","Neosho",2024,91,62,27,1,1,0,0,168,59,39,0,0,31,58,2
"Kansas","Sedgwick",2024,91,87,4,0,0,0,0,83,44,33,0,4,84,3,0
"Kansas","Shawnee",2024,91,79,12,0,0,0,0,68,52,38,0,0,62,29,0
"Kansas","Sherman",2024,62,59,3,0,0,0,0,64,42,22,0,0,0,57,5
"Kansas","Sumner",2024,91,74,17,0,0,0,0,80,54,37,0,0,47,42,2
"Kansas","Trego",2024,90,80,10,0,0,0,0,86,52,37,0,0,59,31,0
"Kansas","Wyandotte",2024,91,37,53,1,0,0,0,110,74,56,0,0,19,63,9
"Kentucky","Bell",2024,91,52,39,0,0,0,0,88,66,44,0,0,19,72,0
"Kentucky","Boone",2024,31,30,1,0,0,0,0,54,49,36,0,0,31,0,0
"Kentucky","Boyd",2024,96,79,17,0,0,0,0,66,53,36,0,1,18,71,6
"Kentucky","Bullitt",2024,31,29,2,0,0,0,0,54,49,40,0,0,31,0,0
"Kentucky","Campbell",2024,101,86,15,0,0,0,0,69,52,36,0,1,16,84,0
"Kentucky","Carter",2024,96,87,9,0,0,0,0,62,49,28,0,0,26,65,5
"Kentucky","Christian",2024,90,71,19,0,0,0,0,69,55,38,0,0,18,72,0
"Kentucky","Edmonson",2024,151,143,8,0,0,0,0,61,49,38,0,0,151,0,0
"Kentucky","Fayette",2024,96,82,14,0,0,0,0,65,53,34,0,3,20,68,5
"Kentucky","Greenup",2024,30,30,0,0,0,0,0,48,45,36,0,0,30,0,0
"Kentucky","Hancock",2024,31,31,0,0,0,0,0,50,46,38,0,0,31,0,0
"Kentucky","Hardin",2024,96,80,16,0,0,0,0,63,55,39,0,0,18,78,0
"Kentucky","Jefferson",2024,92,55,37,0,0,0,0,71,60,45,1,4,19,68,0
"Kentucky","Jessamine",2024,31,29,2,0,0,0,0,51,48,39,0,0,31,0,0
"Kentucky","Livingston",2024,31,31,0,0,0,0,0,48,44,39,0,0,31,0,0
"Kentucky","McCracken",2024,91,74,17,0,0,0,0,65,53,38,0,6,17,68,0
"Kentucky","Morgan",2024,151,137,14,0,0,0,0,61,49,38,0,0,151,0,0
"Kentucky","Oldham",2024,31,29,2,0,0,0,0,58,48,39,0,0,31,0,0
"Kentucky","Perry",2024,77,61,15,1,0,0,0,117,57,37,0,0,20,57,0
"Kentucky","Pike",2024,91,82,9,0,0,0,0,70,48,29,0,0,25,66,0
"Kentucky","Pulaski",2024,91,75,16,0,0,0,0,68,54,36,0,0,17,74,0
"Kentucky","Simpson",2024,31,29,2,0,0,0,0,54,47,40,0,0,31,0,0
"Kentucky","Warren",2024,89,74,15,0,0,0,0,61,55,36,0,0,16,73,0
"Kentucky","Washington",2024,150,143,7,0,0,0,0,54,49,39,0,0,150,0,0
"Louisiana","Ascension",2024,181,169,12,0,0,0,0,90,48,34,0,7,174,0,0
"Louisiana","Bossier",2024,180,127,52,1,0,0,0,101,61,42,0,0,88,78,14
"Louisiana","Caddo",2024,172,146,25,1,0,0,0,101,53,39,0,0,149,23,0
"Louisiana","Calcasieu",2024,182,93,87,2,0,0,0,143,64,50,0,0,66,116,0
"Louisiana","East Baton Rouge",2024,183,95,84,4,0,0,0,147,69,49,1,0,79,103,0
"Louisiana","Iberville",2024,182,148,32,2,0,0,0,129,61,40,0,1,171,10,0
"Louisiana","Jefferson",2024,182,116,65,0,1,0,0,188,61,47,0,6,85,91,0
"Louisiana","Lafayette",2024,182,101,80,1,0,0,0,108,61,48,0,0,59,123,0
"Louisiana","Lafourche",2024,181,105,76,0,0,0,0,93,58,47,0,0,41,140,0
"Louisiana","Livingston",2024,182,143,39,0,0,0,0,93,54,41,0,0,125,57,0
"Louisiana","Orleans",2024,183,141,41,1,0,0,0,105,55,38,1,24,0,158,0
"Louisiana","Ouachita",2024,182,169,13,0,0,0,0,80,48,39,0,0,168,14,0
"Louisiana","Pointe Coupee",2024,177,162,14,1,0,0,0,101,49,37,0,0,177,0,0
"Louisiana","Rapides",2024,31,29,2,0,0,0,0,78,47,29,0,0,0,31,0
"Louisiana","St. Bernard",2024,182,119,62,1,0,0,0,138,59,46,0,0,96,86,0
"Louisiana","St. James",2024,179,169,8,2,0,0,0,108,47,33,0,0,179,0,0
"Louisiana","St. John the Baptist",2024,182,165,15,2,0,0,0,105,50,36,0,0,182,0,0
"Louisiana","St. Martin",2024,165,145,19,1,0,0,0,101,51,38,0,0,165,0,0
"Louisiana","St. Tammany",2024,181,146,34,0,1,0,0,186,58,40,0,0,122,59,0
"Louisiana","Tangipahoa",2024,32,23,9,0,0,0,0,74,55,40,0,0,0,32,0
"Louisiana","Terrebonne",2024,31,27,4,0,0,0,0,99,54,32,0,0,0,31,0
"Louisiana","West Baton Rouge",2024,182,110,72,0,0,0,0,100,63,47,0,0,67,115,0
"Maine","Androscoggin",2024,213,198,15,0,0,0,0,77,47,34,0,0,128,83,2
"Maine","Aroostook",2024,213,177,36,0,0,0,0,69,53,35,0,0,55,140,18
"Maine","Cumberland",2024,213,163,49,1,0,0,0,119,58,39,0,0,137,72,4
"Maine","Hancock",2024,214,197,17,0,0,0,0,97,50,39,2,0,209,3,0
"Maine","Kennebec",2024,213,176,37,0,0,0,0,77,53,38,0,0,104,109,0
"Maine","Knox",2024,203,192,11,0,0,0,0,84,45,35,0,0,203,0,0
"Maine","Oxford",2024,213,198,15,0,0,0,0,60,46,34,0,0,134,79,0
"Maine","Penobscot",2024,204,193,11,0,0,0,0,67,48,35,0,0,145,53,6
"Maine","Sagadahoc",2024,134,122,12,0,0,0,0,93,50,37,0,0,134,0,0
"Maine","Washington",2024,210,204,6,0,0,0,0,58,44,36,0,0,174,36,0
"Maine","York",2024,209,194,14,1,0,0,0,129,47,36,0,0,209,0,0
"Maryland","Anne Arundel",2024,103,90,13,0,0,0,0,93,61,42,0,0,87,0,16
"Maryland","Baltimore",2024,182,125,56,1,0,0,0,115,67,44,0,4,126,52,0
"Maryland","Baltimore (City)",2024,181,132,45,4,0,0,0,108,64,43,0,5,99,77,0
"Maryland","Calvert",2024,31,28,3,0,0,0,0,74,50,39,0,0,31,0,0
"Maryland","Carroll",2024,30,29,1,0,0,0,0,77,48,38,0,0,30,0,0
"Maryland","Cecil",2024,182,131,50,1,0,0,0,126,61,44,0,0,94,88,0
"Maryland","Charles",2024,26,24,2,0,0,0,0,71,49,39,0,0,26,0,0
"Maryland","Dorchester",2024,177,159,18,0,0,0,0,71,51,38,0,0,131,46,0
"Maryland","Frederick",2024,30,28,2,0,0,0,0,64,49,39,0,0,30,0,0
"Maryland","Garrett",2024,183,160,23,0,0,0,0,80,52,39,1,0,162,20,0
"Maryland","Harford",2024,181,124,55,2,0,0,0,122,64,44,0,0,116,65,0
"Maryland","Howard",2024,183,156,27,0,0,0,0,75,54,33,3,54,0,126,0
"Maryland","Kent",2024,178,164,14,0,0,0,0,81,48,27,0,0,27,151,0
"Maryland","Montgomery",2024,173,152,21,0,0,0,0,77,51,33,0,0,31,142,0
"Maryland","Prince George's",2024,183,148,35,0,0,0,0,100,61,40,1,9,155,18,0
"Maryland","Washington",2024,182,150,32,0,0,0,0,85,55,40,0,0,118,64,0
"Massachusetts","Barnstable",2024,173,168,4,1,0,0,0,101,46,38,0,0,173,0,0
"Massachusetts","Berkshire",2024,182,155,27,0,0,0,0,97,54,39,0,0,139,43,0
"Massachusetts","Bristol",2024,182,167,14,1,0,0,0,101,50,39,0,0,162,20,0
"Massachusetts","Dukes",2024,181,171,9,1,0,0,0,108,46,38,0,0,181,0,0
"Massachusetts","Essex",2024,182,167,15,0,0,0,0,93,47,37,0,0,153,29,0
"Massachusetts","Franklin",2024,181,150,31,0,0,0,0,93,55,38,0,0,126,55,0
"Massachusetts","Hampden",2024,182,150,31,1,0,0,0,119,56,38,0,5,133,44,0
"Massachusetts","Hampshire",2024,182,162,18,2,0,0,0,112,51,37,0,0,138,44,0
"Massachusetts","Middlesex",2024,182,164,18,0,0,0,0,93,49,37,0,2,145,35,0
"Massachusetts","Norfolk",2024,182,165,17,0,0,0,0,90,50,40,0,0,163,19,0
"Massachusetts","Plymouth",2024,182,164,18,0,0,0,0,97,49,38,0,0,148,34,0
"Massachusetts","Suffolk",2024,183,151,32,0,0,0,0,71,56,36,1,12,88,80,2
"Massachusetts","Worcester",2024,183,168,15,0,0,0,0,90,49,37,1,9,137,34,2
"Michigan","Allegan",2024,91,52,38,0,1,0,0,154,63,48,0,0,10,81,0
"Michigan","Bay",2024,90,69,21,0,0,0,0,73,58,40,0,0,0,90,0
"Michigan","Benzie",2024,31,31,0,0,0,0,0,45,41,38,0,0,31,0,0
"Michigan","Berrien",2024,31,31,0,0,0,0,0,48,44,36,0,0,31,0,0
"Michigan","Cass",2024,31,31,0,0,0,0,0,50,45,36,0,0,31,0,0
"Michigan","Clinton",2024,31,31,0,0,0,0,0,45,41,34,0,0,31,0,0
"Michigan","Genesee",2024,91,71,20,0,0,0,0,70,55,37,0,0,26,65,0
"Michigan","Huron",2024,31,31,0,0,0,0,0,46,43,37,0,0,31,0,0
"Michigan","Ingham",2024,91,70,21,0,0,0,0,85,57,36,0,2,40,49,0
"Michigan","Kalamazoo",2024,91,53,38,0,0,0,0,100,68,45,0,0,13,78,0
"Michigan","Kent",2024,92,49,43,0,0,0,0,89,65,46,1,1,29,61,0
"Michigan","Lenawee",2024,91,60,31,0,0,0,0,77,62,41,0,0,19,72,0
"Michigan","Macomb",2024,91,61,30,0,0,0,0,76,62,39,0,0,20,71,0
"Michigan","Manistee",2024,89,76,13,0,0,0,0,76,54,37,0,0,28,61,0
"Michigan","Mason",2024,31,31,0,0,0,0,0,44,42,37,0,0,31,0,0
"Michigan","Missaukee",2024,91,81,10,0,0,0,0,61,51,37,0,0,66,25,0
"Michigan","Muskegon",2024,31,31,0,0,0,0,0,44,41,36,0,0,31,0,0
"Michigan","Oakland",2024,59,32,27,0,0,0,0,82,69,46,0,0,13,46,0
"Michigan","Ottawa",2024,91,52,39,0,0,0,0,91,62,41,0,0,21,70,0
"Michigan","Schoolcraft",2024,91,90,1,0,0,0,0,57,42,18,0,0,29,62,0
"Michigan","St. Clair",2024,91,61,30,0,0,0,0,72,60,39,0,0,19,72,0
"Michigan","Tuscola",2024,152,144,8,0,0,0,0,84,46,35,0,0,152,0,0
"Michigan","Washtenaw",2024,152,112,40,0,0,0,0,81,62,43,0,0,92,60,0
"Michigan","Wayne",2024,92,28,62,1,1,0,0,152,74,56,1,0,7,84,0
"Michigan","Wexford",2024,152,145,7,0,0,0,0,80,46,38,0,0,152,0,0
"Minnesota","Anoka",2024,91,69,22,0,0,0,0,71,58,40,0,1,45,45,0
"Minnesota","Becker",2024,90,81,9,0,0,0,0,63,51,34,0,0,27,63,0
"Minnesota","Beltrami",2024,90,82,8,0,0,0,0,62,49,33,0,0,25,65,0
"Minnesota","Carlton",2024,90,80,10,0,0,0,0,71,52,35,0,0,25,65,0
"Minnesota","Cass",2024,90,81,9,0,0,0,0,61,54,26,0,0,0,90,0
"Minnesota","Cook",2024,89,87,2,0,0,0,0,56,30,11,0,0,0,89,0
"Minnesota","Crow Wing",2024,90,73,17,0,0,0,0,68,55,37,0,0,27,63,0
"Minnesota","Dakota",2024,91,63,28,0,0,0,0,86,63,35,0,11,0,80,0
"Minnesota","Goodhue",2024,30,30,0,0,0,0,0,44,41,37,0,0,30,0,0
"Minnesota","Hennepin",2024,91,59,31,1,0,0,0,113,68,36,0,4,21,64,2
"Minnesota","Lake",2024,90,88,2,0,0,0,0,51,43,21,0,0,27,63,0
"Minnesota","Lyon",2024,90,76,14,0,0,0,0,67,54,34,0,0,21,65,4
"Minnesota","Mille Lacs",2024,30,30,0,0,0,0,0,41,39,36,0,0,30,0,0
"Minnesota","Olmsted",2024,90,73,17,0,0,0,0,68,56,37,0,0,24,66,0
"Minnesota","Ramsey",2024,91,68,23,0,0,0,0,77,61,31,0,0,0,80,11
"Minnesota","Saint Louis",2024,152,134,18,0,0,0,0,70,51,39,0,0,121,31,0
"Minnesota","Scott",2024,90,64,26,0,0,0,0,76,66,39,0,0,23,67,0
"Minnesota","Stearns",2024,90,70,20,0,0,0,0,66,59,37,0,0,26,64,0
"Minnesota","Washington",2024,30,30,0,0,0,0,0,42,39,35,0,0,30,0,0
"Minnesota","Wright",2024,90,69,21,0,0,0,0,71,58,37,0,0,26,64,0
"Mississippi","Bolivar",2024,91,80,11,0,0,0,0,68,56,35,0,0,18,73,0
"Mississippi","DeSoto",2024,91,77,14,0,0,0,0,77,52,36,0,0,18,73,0
"Mississippi","Forrest",2024,91,59,32,0,0,0,0,76,66,38,0,0,0,91,0
"Mississippi","Hancock",2024,85,67,18,0,0,0,0,84,54,39,0,0,23,62,0
"Mississippi","Harrison",2024,89,63,26,0,0,0,0,81,55,42,0,0,18,71,0
"Mississippi","Hinds",2024,92,60,32,0,0,0,0,85,66,44,1,0,35,56,0
"Mississippi","Jackson",2024,91,57,34,0,0,0,0,84,60,44,0,0,18,73,0
"Mississippi","Lauderdale",2024,31,31,0,0,0,0,0,47,45,39,0,0,31,0,0
"Mississippi","Lee",2024,31,31,0,0,0,0,0,50,47,40,0,0,31,0,0
"Mississippi","Yalobusha",2024,143,136,7,0,0,0,0,71,48,39,0,0,143,0,0
"Missouri","Andrew",2024,37,37,0,0,0,0,0,50,47,40,0,0,37,0,0
"Missouri","Boone",2024,36,33,3,0,0,0,0,58,50,39,0,0,36,0,0
"Missouri","Buchanan",2024,89,52,37,0,0,0,0,75,59,44,0,0,0,84,5
"Missouri","Callaway",2024,39,38,1,0,0,0,0,54,49,40,0,0,39,0,0
"Missouri","Cass",2024,89,76,12,1,0,0,0,107,53,27,0,0,0,89,0
"Missouri","Cedar",2024,88,84,4,0,0,0,0,54,46,36,0,0,42,46,0
"Missouri","Clay",2024,89,80,9,0,0,0,0,61,51,37,0,0,29,60,0
"Missouri","Clinton",2024,37,36,1,0,0,0,0,51,47,40,0,0,37,0,0
"Missouri","Greene",2024,89,58,31,0,0,0,0,82,67,40,0,0,18,71,0
"Missouri","Jackson",2024,89,47,41,1,0,0,0,109,62,48,0,14,0,56,19
"Missouri","Jasper",2024,89,76,13,0,0,0,0,99,54,30,0,0,28,0,61
"Missouri","Jefferson",2024,89,73,16,0,0,0,0,70,54,36,0,0,33,56,0
"Missouri","Lincoln",2024,39,37,2,0,0,0,0,61,50,40,0,0,39,0,0
"Missouri","Monroe",2024,89,89,0,0,0,0,0,50,42,32,0,1,87,0,1
"Missouri","Perry",2024,32,32,0,0,0,0,0,48,45,40,0,0,32,0,0
"Missouri","Saint Charles",2024,37,33,4,0,0,0,0,54,51,40,0,0,37,0,0
"Missouri","Saint Louis",2024,89,85,4,0,0,0,0,56,46,35,0,25,38,26,0
"Missouri","Sainte Genevieve",2024,32,32,0,0,0,0,0,50,48,40,0,0,32,0,0
"Missouri","St. Louis City",2024,91,43,46,1,1,0,0,156,74,51,2,0,10,70,9
"Montana","Beaverhead",2024,78,78,0,0,0,0,0,32,16,9,0,0,0,78,0
"Montana","Cascade",2024,87,52,35,0,0,0,0,74,58,46,0,0,0,87,0
"Montana","Custer",2024,91,88,3,0,0,0,0,57,41,34,0,3,59,29,0
"Montana","Dawson",2024,91,90,1,0,0,0,0,53,31,12,0,0,0,91,0
"Montana","Fergus",2024,91,91,0,0,0,0,0,49,44,38,0,0,79,12,0
"Montana","Flathead",2024,152,128,24,0,0,0,0,77,53,40,0,0,99,42,11
"Montana","Gallatin",2024,153,141,12,0,0,0,0,69,45,20,8,7,0,138,0
"Montana","Glacier",2024,80,78,2,0,0,0,0,54,37,21,0,0,0,80,0
"Montana","Hill",2024,87,85,2,0,0,0,0,58,39,19,0,0,0,87,0
"Montana","Lewis and Clark",2024,91,52,38,1,0,0,0,116,71,46,0,0,37,54,0
"Montana","Lincoln",2024,91,33,58,0,0,0,0,99,72,54,0,0,0,91,0
"Montana","Missoula",2024,91,40,51,0,0,0,0,92,70,52,0,0,12,79,0
"Montana","Phillips",2024,89,88,1,0,0,0,0,54,36,19,0,0,0,89,0
"Montana","Ravalli",2024,91,70,21,0,0,0,0,89,64,23,0,0,0,91,0
"Montana","Richland",2024,91,88,3,0,0,0,0,57,42,35,0,0,67,24,0
"Montana","Sanders",2024,91,81,10,0,0,0,0,65,51,32,0,0,0,91,0
"Montana","Silver Bow",2024,91,59,32,0,0,0,0,95,60,37,0,0,0,89,2
"Montana","Teton",2024,85,83,2,0,0,0,0,65,29,13,0,0,0,85,0
"Montana","Yellowstone",2024,91,83,8,0,0,0,0,58,44,36,0,4,50,37,0
"Nebraska","Cass",2024,170,166,4,0,0,0,0,68,31,14,0,0,0,0,170
"Nebraska","Douglas",2024,183,129,53,1,0,0,0,101,61,43,1,0,120,62,0
"Nebraska","Gage",2024,158,126,32,0,0,0,0,69,55,30,0,0,0,158,0
"Nebraska","Hall",2024,183,145,38,0,0,0,0,80,55,29,0,0,0,183,0
"Nebraska","Knox",2024,120,117,3,0,0,0,0,84,44,34,0,0,120,0,0
"Nebraska","Lancaster",2024,41,31,10,0,0,0,0,64,58,35,0,0,0,41,0
"Nebraska","Sarpy",2024,176,146,30,0,0,0,0,94,55,31,0,0,0,176,0
"Nebraska","Scotts Bluff",2024,197,181,16,0,0,0,0,88,43,9,0,0,0,197,0
"Nebraska","Washington",2024,177,149,28,0,0,0,0,81,54,27,0,0,0,177,0
"Nevada","Carson City",2024,91,84,7,0,0,0,0,66,48,41,0,0,70,21,0
"Nevada","Churchill",2024,91,89,2,0,0,0,0,51,44,37,0,0,91,0,0
"Nevada","Clark",2024,122,59,58,5,0,0,0,140,83,51,1,0,79,37,5
"Nevada","Douglas",2024,91,82,9,0,0,0,0,76,50,23,0,0,0,91,0
"Nevada","Elko",2024,91,91,0,0,0,0,0,31,19,8,0,0,0,0,91
"Nevada","Lyon",2024,89,88,1,0,0,0,0,51,45,38,0,0,89,0,0
"Nevada","Nye",2024,91,87,4,0,0,0,0,68,28,13,0,0,0,0,91
"Nevada","Washoe",2024,92,73,19,0,0,0,0,78,58,45,1,2,60,29,0
"Nevada","White Pine",2024,151,128,23,0,0,0,0,84,61,43,0,0,151,0,0
"New Hampshire","Belknap",2024,91,89,2,0,0,0,0,52,43,28,0,0,31,60,0
"New Hampshire","Cheshire",2024,91,72,19,0,0,0,0,63,55,37,0,0,52,39,0
"New Hampshire","Coos",2024,92,87,5,0,0,0,0,61,48,42,1,0,91,0,0
"New Hampshire","Grafton",2024,150,148,2,0,0,0,0,54,44,36,0,0,132,18,0
"New Hampshire","Hillsborough",2024,92,92,0,0,0,0,0,47,42,36,1,0,89,2,0
"New Hampshire","Merrimack",2024,31,31,0,0,0,0,0,44,43,38,0,0,31,0,0
"New Hampshire","Rockingham",2024,92,90,2,0,0,0,0,55,45,39,1,0,75,16,0
"New Jersey","Atlantic",2024,91,80,11,0,0,0,0,66,51,32,0,0,39,52,0
"New Jersey","Bergen",2024,92,77,15,0,0,0,0,69,55,36,1,40,27,24,0
"New Jersey","Camden",2024,92,61,31,0,0,0,0,74,63,40,1,7,35,49,0
"New Jersey","Cumberland",2024,90,79,11,0,0,0,0,64,52,37,0,2,65,23,0
"New Jersey","Gloucester",2024,91,79,12,0,0,0,0,77,53,37,0,0,38,53,0
"New Jersey","Hudson",2024,92,74,18,0,0,0,0,73,58,38,1,32,28,31,0
"New Jersey","Hunterdon",2024,91,76,15,0,0,0,0,74,55,38,0,0,52,39,0
"New Jersey","Mercer",2024,150,120,30,0,0,0,0,100,59,40,0,0,110,40,0
"New Jersey","Middlesex",2024,91,83,8,0,0,0,0,62,49,32,0,10,59,22,0
"New Jersey","Monmouth",2024,45,45,0,0,0,0,0,44,43,36,0,0,45,0,0
"New Jersey","Morris",2024,91,87,4,0,0,0,0,71,44,36,0,2,75,14,0
"New Jersey","Ocean",2024,91,80,11,0,0,0,0,64,52,38,0,0,39,52,0
"New Jersey","Passaic",2024,91,73,18,0,0,0,0,66,55,36,0,0,33,58,0
"New Jersey","Union",2024,92,55,37,0,0,0,0,85,66,45,1,19,0,72,0
"New Jersey","Warren",2024,85,72,13,0,0,0,0,63,53,34,0,17,42,26,0
"New Mexico","Bernalillo",2024,92,55,33,3,0,0,1,443,62,46,1,2,43,32,14
"New Mexico","Dona Ana",2024,91,51,32,3,1,1,3,692,88,46,0,2,38,33,18
"New Mexico","Eddy",2024,152,96,49,7,0,0,0,115,90,46,0,0,152,0,0
"New Mexico","Lea",2024,89,84,5,0,0,0,0,70,47,38,0,0,72,17,0
"New Mexico","Luna",2024,91,87,2,1,1,0,0,153,31,7,0,0,0,0,91
"New Mexico","Rio Arriba",2024,90,84,6,0,0,0,0,58,49,43,0,0,90,0,0
"New Mexico","San Juan",2024,165,110,50,5,0,0,0,105,90,45,0,3,161,0,1
"New Mexico","Sandoval",2024,91,90,1,0,0,0,0,51,44,38,0,0,91,0,0
"New Mexico","Santa Fe",2024,89,87,2,0,0,0,0,64,46,39,0,0,88,1,0
"New Mexico","Taos",2024,90,90,0,0,0,0,0,46,31,14,0,0,0,90,0
"New Mexico","Valencia",2024,90,90,0,0,0,0,0,47,42,34,0,0,90,0,0
"New York","Albany",2024,182,154,28,0,0,0,0,100,53,37,0,0,124,58,0
"New York","Bronx",2024,183,124,57,2,0,0,0,150,63,43,1,17,93,72,0
"New York","Chautauqua",2024,180,162,17,1,0,0,0,105,51,38,0,0,173,7,0
"New York","Dutchess",2024,182,167,12,2,1,0,0,151,50,37,0,0,182,0,0
"New York","Erie",2024,183,138,44,1,0,0,0,105,56,41,2,8,99,73,1
"New York","Essex",2024,182,161,21,0,0,0,0,80,54,42,0,0,179,3,0
"New York","Hamilton",2024,177,170,7,0,0,0,0,74,45,36,0,0,177,0,0
"New York","Jefferson",2024,181,173,8,0,0,0,0,80,44,34,0,0,181,0,0
"New York","Kings",2024,153,106,47,0,0,0,0,89,61,37,0,0,0,153,0
"New York","Monroe",2024,183,146,37,0,0,0,0,81,54,38,1,1,104,77,0
"New York","New York",2024,183,123,59,1,0,0,0,150,64,44,2,0,84,97,0
"New York","Niagara",2024,130,117,12,1,0,0,0,105,51,35,0,0,130,0,0
"New York","Oneida",2024,150,135,15,0,0,0,0,58,51,26,0,0,0,150,0
"New York","Onondaga",2024,182,168,14,0,0,0,0,84,50,37,0,0,140,42,0
"New York","Orange",2024,148,130,18,0,0,0,0,59,52,29,0,0,0,148,0
"New York","Oswego",2024,176,171,5,0,0,0,0,61,44,34,0,0,176,0,0
"New York","Putnam",2024,181,164,12,5,0,0,0,136,49,36,0,0,181,0,0
"New York","Queens",2024,183,115,67,1,0,0,0,112,66,45,1,16,74,92,0
"New York","Richmond",2024,181,155,23,3,0,0,0,140,54,37,0,0,115,66,0
"New York","Rockland",2024,182,153,26,3,0,0,0,150,53,39,0,0,139,43,0
"New York","Saratoga",2024,178,171,7,0,0,0,0,84,46,34,0,0,178,0,0
"New York","Steuben",2024,183,166,17,0,0,0,0,68,50,37,2,0,153,28,0
"New York","Suffolk",2024,183,162,18,3,0,0,0,133,51,38,1,5,171,6,0
"New York","Tompkins",2024,151,149,2,0,0,0,0,54,45,35,0,0,151,0,0
"New York","Wayne",2024,178,171,7,0,0,0,0,74,46,34,0,0,178,0,0
"New York","Westchester",2024,181,155,24,2,0,0,0,143,54,37,0,0,132,49,0
"North Carolina","Alexander",2024,61,52,9,0,0,0,0,87,51,44,0,0,61,0,0
"North Carolina","Avery",2024,61,52,9,0,0,0,0,90,51,44,0,0,61,0,0
"North Carolina","Buncombe",2024,91,68,23,0,0,0,0,81,55,40,0,0,20,71,0
"North Carolina","Caldwell",2024,61,55,6,0,0,0,0,87,50,43,0,0,61,0,0
"North Carolina","Carteret",2024,151,147,4,0,0,0,0,71,47,38,0,0,151,0,0
"North Carolina","Caswell",2024,61,52,9,0,0,0,0,84,54,43,0,0,61,0,0
"North Carolina","Catawba",2024,91,62,29,0,0,0,0,93,60,42,0,0,0,91,0
"North Carolina","Cumberland",2024,121,83,37,1,0,0,0,110,61,44,0,0,51,69,1
"North Carolina","Davidson",2024,91,67,24,0,0,0,0,89,62,37,0,0,0,91,0
"North Carolina","Durham",2024,121,59,62,0,0,0,0,89,61,51,0,0,40,81,0
"North Carolina","Edgecombe",2024,111,100,11,0,0,0,0,76,50,37,0,0,53,58,0
"North Carolina","Forsyth",2024,152,98,53,1,0,0,0,111,69,47,0,3,71,78,0
"North Carolina","Graham",2024,60,42,18,0,0,0,0,77,67,46,0,0,60,0,0
"North Carolina","Granville",2024,61,52,9,0,0,0,0,90,54,44,0,0,61,0,0
"North Carolina","Guilford",2024,121,94,27,0,0,0,0,87,58,40,0,0,54,57,10
"North Carolina","Haywood",2024,61,37,24,0,0,0,0,90,67,49,0,0,61,0,0
"North Carolina","Johnston",2024,121,101,20,0,0,0,0,80,54,41,0,0,50,71,0
"North Carolina","Lenoir",2024,121,115,6,0,0,0,0,74,48,19,0,0,61,0,60
"North Carolina","Lincoln",2024,59,52,7,0,0,0,0,74,51,42,0,0,59,0,0
"North Carolina","Macon",2024,150,137,13,0,0,0,0,71,50,38,0,0,150,0,0
"North Carolina","Martin",2024,61,60,1,0,0,0,0,61,45,37,0,0,61,0,0
"North Carolina","Mecklenburg",2024,214,110,102,2,0,0,0,115,71,50,1,0,99,114,0
"North Carolina","Mitchell",2024,89,75,14,0,0,0,0,83,54,22,0,0,0,89,0
"North Carolina","Montgomery",2024,151,125,26,0,0,0,0,83,56,39,0,0,114,37,0
"North Carolina","New Hanover",2024,121,98,23,0,0,0,0,97,57,41,0,0,53,68,0
"North Carolina","Northampton",2024,174,164,10,0,0,0,0,82,37,8,0,87,0,87,0
"North Carolina","Person",2024,61,56,5,0,0,0,0,77,50,42,0,0,61,0,0
"North Carolina","Pitt",2024,121,105,16,0,0,0,0,74,52,38,0,0,55,66,0
"North Carolina","Rockingham",2024,60,51,9,0,0,0,0,87,64,44,0,0,60,0,0
"North Carolina","Rowan",2024,163,134,29,0,0,0,0,89,58,36,0,43,75,45,0
"North Carolina","Swain",2024,120,104,16,0,0,0,0,83,54,39,0,0,52,68,0
"North Carolina","Union",2024,61,52,9,0,0,0,0,71,54,43,0,0,61,0,0
"North Carolina","Wake",2024,183,157,26,0,0,0,0,81,54,35,1,61,73,48,0
"North Carolina","Yancey",2024,57,37,20,0,0,0,0,80,61,47,0,0,57,0,0
"North Dakota","Billings",2024,182,169,12,1,0,0,0,106,49,38,0,0,160,22,0
"North Dakota","Burke",2024,182,170,11,1,0,0,0,105,48,38,0,0,148,32,2
"North Dakota","Burleigh",2024,183,148,33,2,0,0,0,127,55,39,1,1,118,61,2
"North Dakota","Cass",2024,182,166,15,1,0,0,0,134,50,37,0,0,127,55,0
"North Dakota","Dunn",2024,181,173,7,1,0,0,0,108,46,36,0,0,153,28,0
"North Dakota","McKenzie",2024,182,167,15,0,0,0,0,97,48,38,0,0,156,26,0
"North Dakota","Mercer",2024,182,168,13,1,0,0,0,142,48,36,0,0,140,42,0
"North Dakota","Oliver",2024,182,166,16,0,0,0,0,89,49,37,0,0,146,36,0
"North Dakota","Ward",2024,182,173,8,1,0,0,0,101,47,37,0,0,135,47,0
"Ohio","Allen",2024,182,129,53,0,0,0,0,97,61,44,0,0,91,91,0
"Ohio","Ashtabula",2024,122,99,21,2,0,0,0,108,61,41,0,0,122,0,0
"Ohio","Athens",2024,182,168,14,0,0,0,0,62,45,27,0,0,0,182,0
"Ohio","Belmont",2024,182,122,60,0,0,0,0,77,57,39,0,5,0,154,23
"Ohio","Butler",2024,182,78,101,3,0,0,0,122,67,53,0,0,58,123,1
"Ohio","Clark",2024,182,116,64,2,0,0,0,133,64,45,0,0,77,105,0
"Ohio","Clermont",2024,181,158,21,2,0,0,0,119,52,39,0,0,113,68,0
"Ohio","Clinton",2024,122,96,24,2,0,0,0,112,64,44,0,0,122,0,0
"Ohio","Columbiana",2024,33,33,0,0,0,0,0,34,17,11,0,0,0,0,33
"Ohio","Cuyahoga",2024,183,69,111,3,0,0,0,115,80,54,1,1,62,111,8
"Ohio","Delaware",2024,119,95,24,0,0,0,0,93,67,42,0,0,119,0,0
"Ohio","Franklin",2024,182,82,99,1,0,0,0,101,71,52,0,1,63,109,9
"Ohio","Geauga",2024,121,99,21,1,0,0,0,101,61,42,0,0,121,0,0
"Ohio","Greene",2024,114,95,19,0,0,0,0,93,64,43,0,0,114,0,0
"Ohio","Hamilton",2024,183,90,87,6,0,0,0,129,65,51,1,5,72,105,0
"Ohio","Jefferson",2024,182,116,66,0,0,0,0,93,61,44,0,0,78,104,0
"Ohio","Knox",2024,122,101,20,1,0,0,0,101,61,42,0,0,122,0,0
"Ohio","Lake",2024,181,142,35,4,0,0,0,136,61,40,0,0,105,76,0
"Ohio","Lawrence",2024,182,138,44,0,0,0,0,68,54,43,0,0,87,95,0
"Ohio","Licking",2024,122,106,16,0,0,0,0,100,54,42,0,0,122,0,0
"Ohio","Lorain",2024,122,110,12,0,0,0,0,74,50,39,0,0,122,0,0
"Ohio","Lucas",2024,182,88,92,2,0,0,0,119,71,51,0,0,83,99,0
"Ohio","Madison",2024,122,103,19,0,0,0,0,100,58,42,0,0,122,0,0
"Ohio","Mahoning",2024,182,122,60,0,0,0,0,93,60,44,0,0,85,97,0
"Ohio","Medina",2024,182,114,68,0,0,0,0,100,65,45,0,0,87,95,0
"Ohio","Miami",2024,122,98,23,1,0,0,0,101,67,44,0,0,122,0,0
"Ohio","Montgomery",2024,182,110,69,3,0,0,0,147,64,47,0,0,87,94,1
"Ohio","Noble",2024,139,125,14,0,0,0,0,87,58,39,0,0,139,0,0
"Ohio","Portage",2024,122,96,24,2,0,0,0,108,74,44,0,0,122,0,0
"Ohio","Preble",2024,183,120,63,0,0,0,0,100,60,44,1,0,92,90,0
"Ohio","Scioto",2024,182,131,51,0,0,0,0,80,57,38,0,0,0,177,5
"Ohio","Stark",2024,182,101,81,0,0,0,0,93,67,47,0,0,61,121,0
"Ohio","Summit",2024,157,109,47,1,0,0,0,105,69,44,0,0,90,67,0
"Ohio","Trumbull",2024,182,121,61,0,0,0,0,97,61,45,0,0,80,102,0
"Ohio","Warren",2024,181,133,44,4,0,0,0,108,61,43,0,0,100,81,0
"Ohio","Washington",2024,122,109,13,0,0,0,0,90,51,40,0,0,122,0,0
"Ohio","Wood",2024,122,98,23,1,0,0,0,101,61,40,0,0,122,0,0
"Oklahoma","Adair",2024,91,48,39,4,0,0,0,138,65,48,0,0,18,73,0
"Oklahoma","Canadian",2024,90,81,9,0,0,0,0,77,51,43,0,0,90,0,0
"Oklahoma","Carter",2024,151,93,56,2,0,0,0,126,67,46,0,0,56,95,0
"Oklahoma","Cleveland",2024,152,81,70,1,0,0,0,112,67,49,0,0,61,91,0
"Oklahoma","Comanche",2024,148,115,33,0,0,0,0,77,56,39,0,0,52,96,0
"Oklahoma","Creek",2024,82,63,18,0,1,0,0,179,67,44,0,0,82,0,0
"Oklahoma","Dewey",2024,152,106,43,3,0,0,0,112,64,42,0,0,61,91,0
"Oklahoma","Jefferson",2024,114,106,8,0,0,0,0,67,47,41,0,0,114,0,0
"Oklahoma","Johnston",2024,75,59,16,0,0,0,0,87,71,44,0,0,75,0,0
"Oklahoma","Kay",2024,142,78,59,4,1,0,0,193,69,48,0,0,0,142,0
"Oklahoma","Mayes",2024,37,35,2,0,0,0,0,54,48,39,0,0,37,0,0
"Oklahoma","McClain",2024,76,52,23,1,0,0,0,115,74,45,0,0,76,0,0
"Oklahoma","Oklahoma",2024,160,83,76,1,0,0,0,119,69,49,1,10,57,91,1
"Oklahoma","Osage",2024,121,98,23,0,0,0,0,100,61,44,0,0,121,0,0
"Oklahoma","Ottawa",2024,91,55,36,0,0,0,0,100,69,42,0,0,4,83,4
"Oklahoma","Pittsburg",2024,150,101,49,0,0,0,0,77,64,44,0,0,51,99,0
"Oklahoma","Pontotoc",2024,181,135,46,0,0,0,0,77,58,41,0,0,111,69,1
"Oklahoma","Sequoyah",2024,120,77,43,0,0,0,0,87,60,44,0,0,5,115,0
"Oklahoma","Tulsa",2024,152,75,74,3,0,0,0,111,64,51,0,0,58,93,1
"Oklahoma","Washington",2024,121,71,47,2,1,0,0,156,67,47,0,0,65,56,0
"Oregon","Baker",2024,91,83,8,0,0,0,0,67,47,25,0,0,0,91,0
"Oregon","Clackamas",2024,91,90,1,0,0,0,0,51,30,17,0,0,0,91,0
"Oregon","Columbia",2024,91,91,0,0,0,0,0,47,31,21,0,0,0,91,0
"Oregon","Crook",2024,91,75,16,0,0,0,0,75,54,31,0,0,0,91,0
"Oregon","Deschutes",2024,91,84,7,0,0,0,0,60,48,21,0,0,0,91,0
"Oregon","Grant",2024,91,34,57,0,0,0,0,88,66,54,0,0,0,91,0
"Oregon","Harney",2024,91,37,54,0,0,0,0,85,70,53,0,0,0,91,0
"Oregon","Jackson",2024,91,72,19,0,0,0,0,75,54,37,0,0,0,91,0
"Oregon","Jefferson",2024,91,75,16,0,0,0,0,62,54,34,0,0,0,91,0
"Oregon","Josephine",2024,91,71,20,0,0,0,0,58,53,36,0,0,0,91,0
"Oregon","Klamath",2024,91,75,16,0,0,0,0,63,53,32,0,0,0,91,0
"Oregon","Lake",2024,91,79,12,0,0,0,0,77,52,24,0,0,0,91,0
"Oregon","Lane",2024,91,47,44,0,0,0,0,84,61,48,0,0,0,91,0
"Oregon","Linn",2024,91,79,12,0,0,0,0,64,52,34,0,0,0,91,0
"Oregon","Marion",2024,91,77,14,0,0,0,0,65,52,24,0,0,0,91,0
"Oregon","Multnomah",2024,92,82,10,0,0,0,0,64,52,33,1,1,55,35,0
"Oregon","Umatilla",2024,91,74,17,0,0,0,0,86,58,28,0,0,0,91,0
"Oregon","Union",2024,91,88,3,0,0,0,0,63,41,23,0,0,0,91,0
"Oregon","Wallowa",2024,78,75,3,0,0,0,0,53,38,23,0,0,0,78,0
"Oregon","Wasco",2024,89,74,15,0,0,0,0,75,55,24,0,0,0,89,0
"Oregon","Washington",2024,92,84,8,0,0,0,0,66,48,32,1,2,38,51,0
"Pennsylvania","Adams",2024,153,93,57,3,0,0,0,131,64,44,2,0,83,68,0
"Pennsylvania","Allegheny",2024,92,49,42,1,0,0,0,103,70,46,1,0,25,66,0
"Pennsylvania","Armstrong",2024,151,135,16,0,0,0,0,61,51,28,0,0,0,151,0
"Pennsylvania","Beaver",2024,152,112,40,0,0,0,0,70,57,38,0,7,0,145,0
"Pennsylvania","Berks",2024,152,118,34,0,0,0,0,91,58,33,0,0,0,152,0
"Pennsylvania","Blair",2024,152,138,14,0,0,0,0,69,48,24,0,0,0,152,0
"Pennsylvania","Bradford",2024,145,122,23,0,0,0,0,69,54,27,0,0,0,145,0
"Pennsylvania","Cambria",2024,153,125,28,0,0,0,0,70,55,30,1,2,0,150,0
"Pennsylvania","Centre",2024,152,131,21,0,0,0,0,87,54,40,0,1,125,26,0
"Pennsylvania","Chester",2024,150,118,32,0,0,0,0,78,57,32,0,0,0,150,0
"Pennsylvania","Cumberland",2024,144,108,36,0,0,0,0,93,60,34,0,0,0,144,0
"Pennsylvania","Dauphin",2024,152,100,52,0,0,0,0,95,62,40,0,0,0,152,0
"Pennsylvania","Delaware",2024,152,112,40,0,0,0,0,80,59,36,0,8,0,144,0
"Pennsylvania","Elk",2024,145,138,7,0,0,0,0,61,46,36,0,0,145,0,0
"Pennsylvania","Erie",2024,153,134,19,0,0,0,0,65,53,28,2,26,0,125,0
"Pennsylvania","Fayette",2024,129,112,17,0,0,0,0,93,52,29,0,0,0,129,0
"Pennsylvania","Greene",2024,117,100,17,0,0,0,0,66,53,32,0,0,0,117,0
"Pennsylvania","Indiana",2024,148,137,11,0,0,0,0,58,48,27,0,0,0,148,0
"Pennsylvania","Lackawanna",2024,153,153,0,0,0,0,0,50,34,23,2,141,0,0,10
"Pennsylvania","Lancaster",2024,152,87,63,2,0,0,0,125,67,47,0,0,0,152,0
"Pennsylvania","Lebanon",2024,150,105,45,0,0,0,0,94,60,38,0,0,0,150,0
"Pennsylvania","Lehigh",2024,152,126,26,0,0,0,0,80,57,29,0,0,0,152,0
"Pennsylvania","Lycoming",2024,144,119,25,0,0,0,0,80,54,28,0,0,0,144,0
"Pennsylvania","Mercer",2024,152,127,25,0,0,0,0,90,53,39,0,0,105,47,0
"Pennsylvania","Montgomery",2024,138,108,30,0,0,0,0,77,57,31,0,0,0,138,0
"Pennsylvania","Northampton",2024,152,127,25,0,0,0,0,81,57,29,0,19,0,133,0
"Pennsylvania","Philadelphia",2024,92,37,55,0,0,0,0,100,75,53,1,2,12,77,0
"Pennsylvania","Somerset",2024,150,142,8,0,0,0,0,87,49,37,0,0,150,0,0
"Pennsylvania","Susquehanna",2024,152,147,5,0,0,0,0,60,43,23,0,0,0,152,0
"Pennsylvania","Tioga",2024,151,145,6,0,0,0,0,66,40,21,0,0,0,151,0
"Pennsylvania","Washington",2024,152,117,35,0,0,0,0,86,57,34,0,7,0,145,0
"Pennsylvania","Westmoreland",2024,150,122,28,0,0,0,0,88,56,33,0,0,0,150,0
"Pennsylvania","Wyoming",2024,146,135,11,0,0,0,0,64,48,26,0,0,0,146,0
"Pennsylvania","York",2024,152,112,40,0,0,0,0,96,58,36,0,18,0,134,0
"Puerto Rico","Bayamon",2024,180,161,18,1,0,0,0,117,52,22,35,0,69,76,0
"Puerto Rico","Caguas",2024,174,173,1,0,0,0,0,69,19,3,147,0,0,27,0
"Puerto Rico","Catano",2024,171,43,80,30,14,0,4,1133,151,81,0,0,0,128,43
"Puerto Rico","Fajardo",2024,37,35,2,0,0,0,0,56,50,28,0,0,0,27,10
"Puerto Rico","Guayama",2024,27,26,1,0,0,0,0,53,29,14,0,0,0,0,27
"Puerto Rico","Guaynabo",2024,43,37,6,0,0,0,0,66,51,27,0,0,0,25,18
"Puerto Rico","Mayagnez",2024,176,176,0,0,0,0,0,38,29,15,0,0,108,68,0
"Puerto Rico","Ponce",2024,173,164,9,0,0,0,0,64,41,8,82,0,0,19,72
"Rhode Island","Kent",2024,116,116,0,0,0,0,0,49,44,31,0,0,57,59,0
"Rhode Island","Providence",2024,131,116,15,0,0,0,0,61,51,38,0,4,68,49,10
"Rhode Island","Washington",2024,120,116,4,0,0,0,0,54,45,35,0,0,60,60,0
"South Carolina","Aiken",2024,143,121,22,0,0,0,0,84,54,43,0,0,143,0,0
"South Carolina","Anderson",2024,142,115,27,0,0,0,0,93,61,44,0,0,142,0,0
"South Carolina","Berkeley",2024,150,128,22,0,0,0,0,90,54,42,0,0,150,0,0
"South Carolina","Charleston",2024,211,147,64,0,0,0,0,77,58,44,0,0,95,116,0
"South Carolina","Chesterfield",2024,191,123,66,2,0,0,0,143,65,45,0,0,91,100,0
"South Carolina","Darlington",2024,133,100,33,0,0,0,0,100,61,44,0,0,133,0,0
"South Carolina","Edgefield",2024,191,118,73,0,0,0,0,98,60,44,0,0,65,126,0
"South Carolina","Florence",2024,185,119,66,0,0,0,0,99,60,44,0,0,0,185,0
"South Carolina","Greenville",2024,213,132,81,0,0,0,0,99,64,46,0,1,83,129,0
"South Carolina","Horry",2024,182,135,47,0,0,0,0,87,57,43,0,0,102,80,0
"South Carolina","Richland",2024,212,123,88,1,0,0,0,141,63,47,0,1,62,149,0
"South Carolina","Spartanburg",2024,213,114,98,1,0,0,0,112,71,49,0,0,91,122,0
"South Carolina","York",2024,142,108,34,0,0,0,0,90,64,44,0,0,142,0,0
"South Dakota","Brookings",2024,91,88,3,0,0,0,0,53,37,30,0,0,66,22,3
"South Dakota","Brown",2024,85,80,5,0,0,0,0,57,44,24,0,0,0,77,8
"South Dakota","Clay",2024,91,71,20,0,0,0,0,64,56,36,0,0,41,50,0
"South Dakota","Codington",2024,91,74,17,0,0,0,0,65,53,36,0,0,11,78,2
"South Dakota","Custer",2024,91,91,0,0,0,0,0,47,46,39,0,0,82,9,0
"South Dakota","Hughes",2024,91,90,1,0,0,0,0,52,21,6,0,0,0,91,0
"South Dakota","Jackson",2024,91,86,5,0,0,0,0,56,45,38,0,0,53,38,0
"South Dakota","Meade",2024,91,88,3,0,0,0,0,54,48,39,0,0,85,0,6
"South Dakota","Minnehaha",2024,92,82,10,0,0,0,0,66,51,26,1,3,48,40,0
"South Dakota","Pennington",2024,91,70,20,1,0,0,0,111,61,30,0,6,0,32,53
"Tennessee","Anderson",2024,31,29,2,0,0,0,0,67,50,41,0,0,31,0,0
"Tennessee","Blount",2024,153,96,57,0,0,0,0,88,62,47,1,0,94,58,0
"Tennessee","Claiborne",2024,150,140,10,0,0,0,0,67,49,38,0,0,150,0,0
"Tennessee","Davidson",2024,92,51,41,0,0,0,0,70,60,48,1,4,10,77,0
"Tennessee","DeKalb",2024,139,128,11,0,0,0,0,71,49,40,0,0,139,0,0
"Tennessee","Dyer",2024,83,69,14,0,0,0,0,62,53,28,0,0,0,83,0
"Tennessee","Hamilton",2024,151,89,62,0,0,0,0,97,62,44,0,0,57,94,0
"Tennessee","Jefferson",2024,31,29,2,0,0,0,0,58,46,39,0,0,31,0,0
"Tennessee","Knox",2024,213,124,89,0,0,0,0,88,63,47,0,0,63,150,0
"Tennessee","Lawrence",2024,90,71,19,0,0,0,0,80,57,33,0,0,0,90,0
"Tennessee","Loudon",2024,91,75,16,0,0,0,0,79,58,36,0,0,23,68,0
"Tennessee","Madison",2024,87,73,14,0,0,0,0,66,53,28,0,0,0,87,0
"Tennessee","Maury",2024,90,74,16,0,0,0,0,68,55,31,0,0,0,90,0
"Tennessee","McMinn",2024,83,60,23,0,0,0,0,89,57,33,0,0,0,83,0
"Tennessee","Montgomery",2024,91,76,15,0,0,0,0,56,52,26,0,0,0,91,0
"Tennessee","Putnam",2024,86,74,12,0,0,0,0,63,53,29,0,0,0,86,0
"Tennessee","Roane",2024,86,73,13,0,0,0,0,72,54,27,0,0,0,86,0
"Tennessee","Sevier",2024,149,118,31,0,0,0,0,74,61,44,0,0,149,0,0
"Tennessee","Shelby",2024,91,46,45,0,0,0,0,78,60,50,0,0,15,76,0
"Tennessee","Sullivan",2024,86,72,14,0,0,0,0,64,54,33,0,0,30,56,0
"Tennessee","Sumner",2024,91,66,25,0,0,0,0,63,57,42,0,0,16,75,0
"Tennessee","Williamson",2024,31,29,2,0,0,0,0,51,49,40,0,0,31,0,0
"Tennessee","Wilson",2024,31,31,0,0,0,0,0,50,49,42,0,0,31,0,0
"Texas","Atascosa",2024,90,61,29,0,0,0,0,80,63,39,0,0,0,90,0
"Texas","Bell",2024,121,84,37,0,0,0,0,84,62,42,0,0,69,52,0
"Texas","Bexar",2024,122,62,59,0,1,0,0,199,69,50,1,0,35,84,2
"Texas","Bowie",2024,121,79,42,0,0,0,0,68,58,41,0,0,0,121,0
"Texas","Brazoria",2024,91,86,5,0,0,0,0,67,47,36,0,1,85,5,0
"Texas","Brazos",2024,113,82,31,0,0,0,0,68,57,32,0,0,0,113,0
"Texas","Brewster",2024,150,108,40,2,0,0,0,112,72,44,0,0,135,15,0
"Texas","Cameron",2024,121,26,71,21,3,0,0,157,124,67,0,0,24,97,0
"Texas","Collin",2024,91,90,1,0,0,0,0,51,44,32,0,0,91,0,0
"Texas","Dallas",2024,92,50,42,0,0,0,0,76,63,48,1,3,21,66,1
"Texas","Denton",2024,91,70,21,0,0,0,0,63,54,38,0,1,52,38,0
"Texas","Ector",2024,119,98,21,0,0,0,0,88,54,31,0,0,0,119,0
"Texas","El Paso",2024,91,39,43,5,1,0,3,431,96,53,0,7,23,36,25
"Texas","Ellis",2024,90,89,1,0,0,0,0,51,44,33,0,2,88,0,0
"Texas","Galveston",2024,91,72,19,0,0,0,0,77,54,43,0,0,59,32,0
"Texas","Gregg",2024,117,110,7,0,0,0,0,77,49,37,0,4,113,0,0
"Texas","Harris",2024,92,20,71,0,1,0,0,184,71,56,1,5,7,72,7
"Texas","Harrison",2024,121,81,37,0,1,2,0,263,56,43,0,1,51,69,0
"Texas","Hidalgo",2024,121,42,77,2,0,0,0,105,87,56,0,0,16,100,5
"Texas","Hood",2024,78,77,1,0,0,0,0,51,46,35,0,0,78,0,0
"Texas","Hunt",2024,91,86,5,0,0,0,0,54,47,36,0,6,85,0,0
"Texas","Jefferson",2024,121,67,54,0,0,0,0,90,60,48,0,0,45,76,0
"Texas","Johnson",2024,85,85,0,0,0,0,0,50,45,34,0,0,85,0,0
"Texas","Karnes",2024,120,120,0,0,0,0,0,28,16,7,0,120,0,0,0
"Texas","Kaufman",2024,91,73,18,0,0,0,0,63,54,39,0,0,53,38,0
"Texas","Kleberg",2024,79,57,22,0,0,0,0,72,57,34,0,0,0,79,0
"Texas","Lubbock",2024,121,117,4,0,0,0,0,91,33,14,0,0,0,121,0
"Texas","Maverick",2024,117,78,39,0,0,0,0,96,69,34,0,0,0,117,0
"Texas","McLennan",2024,122,78,44,0,0,0,0,76,63,47,1,0,30,91,0
"Texas","Montgomery",2024,91,47,43,1,0,0,0,102,63,49,0,1,26,64,0
"Texas","Navarro",2024,91,71,20,0,0,0,0,67,56,42,0,0,48,43,0
"Texas","Nueces",2024,91,50,41,0,0,0,0,81,66,46,0,0,29,62,0
"Texas","Orange",2024,121,95,26,0,0,0,0,63,57,43,0,0,54,67,0
"Texas","Parker",2024,91,91,0,0,0,0,0,49,42,32,0,0,91,0,0
"Texas","Polk",2024,140,133,7,0,0,0,0,93,47,36,0,0,140,0,0
"Texas","Potter",2024,121,114,6,1,0,0,0,138,37,24,0,0,0,121,0
"Texas","Randall",2024,152,124,28,0,0,0,0,97,61,40,0,0,152,0,0
"Texas","Rockwall",2024,85,85,0,0,0,0,0,49,41,30,0,0,85,0,0
"Texas","Smith",2024,120,113,7,0,0,0,0,80,49,39,0,0,120,0,0
"Texas","Tarrant",2024,91,51,40,0,0,0,0,78,62,48,0,5,15,71,0
"Texas","Travis",2024,122,48,74,0,0,0,0,95,67,53,1,0,26,93,2
"Texas","Victoria",2024,89,87,2,0,0,0,0,58,46,35,0,0,89,0,0
"Texas","Webb",2024,122,62,59,1,0,0,0,106,80,50,1,0,55,66,0
"Texas","Wilson",2024,42,42,0,0,0,0,0,25,21,9,0,42,0,0,0
"Utah","Box Elder",2024,213,114,96,3,0,0,0,105,80,49,0,0,176,37,0
"Utah","Cache",2024,182,144,38,0,0,0,0,91,61,42,0,0,139,43,0
"Utah","Carbon",2024,182,144,38,0,0,0,0,74,58,43,0,0,179,3,0
"Utah","Davis",2024,213,136,70,7,0,0,0,133,84,45,0,9,182,21,1
"Utah","Duchesne",2024,211,160,50,0,1,0,0,163,63,43,0,0,140,37,34
"Utah","Grand",2024,212,147,63,2,0,0,0,105,67,47,0,0,161,51,0
"Utah","Iron",2024,212,164,48,0,0,0,0,80,61,44,0,4,194,14,0
"Utah","Salt Lake",2024,214,116,83,14,1,0,0,176,93,49,1,9,152,49,3
"Utah","San Juan",2024,149,113,35,1,0,0,0,101,67,44,0,0,149,0,0
"Utah","Tooele",2024,182,138,44,0,0,0,0,87,64,44,0,0,152,30,0
"Utah","Uintah",2024,213,142,69,2,0,0,0,112,67,46,0,0,200,13,0
"Utah","Utah",2024,183,127,55,1,0,0,0,105,64,44,1,1,141,39,1
"Utah","Washington",2024,213,143,70,0,0,0,0,90,71,46,0,0,211,2,0
"Utah","Weber",2024,214,141,70,3,0,0,0,112,72,45,1,6,180,24,3
"Vermont","Bennington",2024,91,88,3,0,0,0,0,52,45,37,0,0,68,23,0
"Vermont","Chittenden",2024,92,83,9,0,0,0,0,62,45,38,1,0,63,28,0
"Vermont","Rutland",2024,92,73,19,0,0,0,0,61,56,38,1,0,33,58,0
"Virginia","Albemarle",2024,211,163,48,0,0,0,0,85,55,42,0,0,79,132,0
"Virginia","Arlington",2024,193,164,28,1,0,0,0,105,55,37,1,27,138,27,0
"Virginia","Bristol City",2024,58,44,14,0,0,0,0,63,53,29,0,0,0,58,0
"Virginia","Caroline",2024,103,102,1,0,0,0,0,51,47,39,0,0,103,0,0
"Virginia","Carroll",2024,25,25,0,0,0,0,0,31,19,7,0,0,0,0,25
"Virginia","Charles",2024,213,193,20,0,0,0,0,75,50,37,0,1,95,117,0
"Virginia","Chesterfield",2024,212,164,48,0,0,0,0,77,55,41,0,0,74,138,0
"Virginia","Fairfax",2024,213,158,55,0,0,0,0,84,56,43,0,18,100,95,0
"Virginia","Fauquier",2024,118,115,3,0,0,0,0,58,46,39,0,0,118,0,0
"Virginia","Frederick",2024,213,170,42,1,0,0,0,102,54,41,0,0,82,131,0
"Virginia","Giles",2024,143,128,15,0,0,0,0,80,51,41,0,0,143,0,0
"Virginia","Hampton City",2024,211,173,38,0,0,0,0,86,55,40,0,1,93,117,0
"Virginia","Hanover",2024,122,112,10,0,0,0,0,74,50,42,0,0,122,0,0
"Virginia","Henrico",2024,213,175,38,0,0,0,0,80,54,41,0,4,106,103,0
"Virginia","Hopewell City",2024,25,25,0,0,0,0,0,30,9,5,0,0,0,0,25
"Virginia","Loudoun",2024,213,140,73,0,0,0,0,87,58,44,0,1,95,117,0
"Virginia","Lynchburg City",2024,59,51,8,0,0,0,0,61,52,27,0,0,0,59,0
"Virginia","Madison",2024,170,160,10,0,0,0,0,90,49,39,0,0,135,35,0
"Virginia","Norfolk City",2024,213,191,22,0,0,0,0,82,51,33,0,24,0,189,0
"Virginia","Prince Edward",2024,152,147,5,0,0,0,0,61,46,36,0,0,152,0,0
"Virginia","Prince William",2024,182,173,9,0,0,0,0,84,48,37,0,3,179,0,0
"Virginia","Richmond City",2024,213,170,43,0,0,0,0,79,54,35,0,44,0,169,0
"Virginia","Roanoke",2024,213,170,43,0,0,0,0,68,54,41,0,4,89,120,0
"Virginia","Rockbridge",2024,121,116,5,0,0,0,0,64,47,39,0,0,121,0,0
"Virginia","Rockingham",2024,213,163,50,0,0,0,0,83,55,43,0,8,85,120,0
"Virginia","Salem City",2024,59,49,10,0,0,0,0,67,52,31,0,0,0,59,0
"Virginia","Stafford",2024,182,178,4,0,0,0,0,61,47,37,0,0,182,0,0
"Virginia","Suffolk City",2024,122,113,9,0,0,0,0,64,49,40,0,0,122,0,0
"Virginia","Virginia Beach City",2024,213,181,32,0,0,0,0,81,52,33,0,0,0,213,0
"Virginia","Wythe",2024,122,116,6,0,0,0,0,67,50,42,0,0,122,0,0
"Washington","Adams",2024,121,121,0,0,0,0,0,47,29,15,0,0,0,121,0
"Washington","Asotin",2024,120,81,39,0,0,0,0,92,66,36,0,0,0,120,0
"Washington","Benton",2024,121,106,15,0,0,0,0,70,52,21,0,0,0,90,31
"Washington","Chelan",2024,121,112,9,0,0,0,0,65,47,26,0,0,0,121,0
"Washington","Clallam",2024,121,106,15,0,0,0,0,59,51,39,0,0,72,49,0
"Washington","Clark",2024,121,109,12,0,0,0,0,65,49,23,0,0,0,121,0
"Washington","Columbia",2024,152,145,7,0,0,0,0,70,43,36,0,0,126,26,0
"Washington","Cowlitz",2024,121,116,5,0,0,0,0,61,35,21,0,0,0,121,0
"Washington","Franklin",2024,121,115,6,0,0,0,0,64,37,16,0,0,0,121,0
"Washington","Garfield",2024,121,115,6,0,0,0,0,60,32,13,0,0,0,121,0
"Washington","Grant",2024,121,115,6,0,0,0,0,54,40,22,0,0,0,121,0
"Washington","Grays Harbor",2024,121,121,0,0,0,0,0,48,26,18,0,0,0,121,0
"Washington","Jefferson",2024,112,110,2,0,0,0,0,57,27,18,0,0,0,112,0
"Washington","King",2024,122,89,33,0,0,0,0,71,55,41,1,1,40,80,0
"Washington","Kitsap",2024,108,106,2,0,0,0,0,54,38,19,0,0,0,108,0
"Washington","Kittitas",2024,121,106,15,0,0,0,0,79,53,22,0,0,0,121,0
"Washington","Lewis",2024,115,114,1,0,0,0,0,60,41,23,0,0,0,115,0
"Washington","Mason",2024,121,116,5,0,0,0,0,55,43,19,0,0,0,121,0
"Washington","Okanogan",2024,121,75,46,0,0,0,0,76,61,39,0,0,0,121,0
"Washington","Pacific",2024,121,121,0,0,0,0,0,37,20,13,0,0,0,121,0
"Washington","Pierce",2024,121,95,26,0,0,0,0,77,57,44,0,6,68,47,0
"Washington","Skagit",2024,121,121,0,0,0,0,0,42,36,21,0,0,0,121,0
"Washington","Snohomish",2024,121,79,42,0,0,0,0,96,59,41,0,0,0,121,0
"Washington","Spokane",2024,121,115,6,0,0,0,0,57,44,25,0,0,0,118,3
"Washington","Stevens",2024,121,85,36,0,0,0,0,87,60,34,0,0,0,101,20
"Washington","Thurston",2024,119,116,3,0,0,0,0,76,32,15,0,0,0,119,0
"Washington","Walla Walla",2024,121,109,12,0,0,0,0,79,50,19,0,0,0,79,42
"Washington","Whatcom",2024,115,114,1,0,0,0,0,51,44,28,0,0,0,115,0
"Washington","Whitman",2024,121,117,4,0,0,0,0,58,29,14,0,0,0,121,0
"Washington","Yakima",2024,121,91,30,0,0,0,0,88,58,33,0,0,0,120,1
"West Virginia","Berkeley",2024,48,37,11,0,0,0,0,97,62,41,0,0,29,19,0
"West Virginia","Brooke",2024,121,86,35,0,0,0,0,66,56,37,0,0,0,121,0
"West Virginia","Cabell",2024,91,69,22,0,0,0,0,68,54,39,0,0,18,73,0
"West Virginia","Greenbrier",2024,31,28,3,0,0,0,0,58,49,42,0,0,31,0,0
"West Virginia","Hancock",2024,122,95,27,0,0,0,0,67,55,37,0,0,21,101,0
"West Virginia","Harrison",2024,27,24,3,0,0,0,0,58,51,24,0,0,0,27,0
"West Virginia","Kanawha",2024,92,81,11,0,0,0,0,66,53,31,4,0,43,45,0
"West Virginia","Marion",2024,27,22,5,0,0,0,0,57,51,25,0,0,0,27,0
"West Virginia","Marshall",2024,121,79,42,0,0,0,0,81,62,44,0,0,0,121,0
"West Virginia","Monongalia",2024,48,43,5,0,0,0,0,57,51,39,0,0,30,18,0
"West Virginia","Ohio",2024,81,64,17,0,0,0,0,62,54,35,0,0,28,53,0
"West Virginia","Tucker",2024,146,139,7,0,0,0,0,71,48,38,0,0,146,0,0
"West Virginia","Wood",2024,48,40,8,0,0,0,0,60,55,39,0,0,26,22,0
"Wisconsin","Ashland",2024,91,87,4,0,0,0,0,59,43,35,0,0,67,24,0
"Wisconsin","Brown",2024,91,70,21,0,0,0,0,80,61,31,0,0,6,85,0
"Wisconsin","Columbia",2024,7,7,0,0,0,0,0,43,43,36,0,0,7,0,0
"Wisconsin","Dane",2024,91,67,24,0,0,0,0,74,57,38,0,0,2,86,3
"Wisconsin","Dodge",2024,92,74,18,0,0,0,0,66,53,37,1,0,57,34,0
"Wisconsin","Door",2024,7,7,0,0,0,0,0,44,44,42,0,0,7,0,0
"Wisconsin","Eau Claire",2024,91,70,21,0,0,0,0,69,58,36,0,0,5,86,0
"Wisconsin","Fond du Lac",2024,7,7,0,0,0,0,0,41,41,36,0,0,7,0,0
"Wisconsin","Forest",2024,91,74,17,0,0,0,0,79,61,38,0,0,58,33,0
"Wisconsin","Grant",2024,91,63,28,0,0,0,0,80,57,40,0,0,0,91,0
"Wisconsin","Jackson",2024,33,27,6,0,0,0,0,95,57,27,0,0,0,33,0
"Wisconsin","Jefferson",2024,7,7,0,0,0,0,0,44,44,39,0,0,7,0,0
"Wisconsin","Kenosha",2024,91,71,20,0,0,0,0,73,62,36,0,0,26,65,0
"Wisconsin","La Crosse",2024,7,7,0,0,0,0,0,43,43,37,0,0,7,0,0
"Wisconsin","Manitowoc",2024,7,7,0,0,0,0,0,44,44,42,0,0,7,0,0
"Wisconsin","Marathon",2024,91,76,15,0,0,0,0,67,54,29,0,0,7,84,0
"Wisconsin","Milwaukee",2024,92,68,24,0,0,0,0,79,66,41,1,8,5,74,4
"Wisconsin","Monroe",2024,87,72,15,0,0,0,0,68,55,32,0,0,0,87,0
"Wisconsin","Outagamie",2024,91,70,21,0,0,0,0,76,60,32,0,0,6,85,0
"Wisconsin","Ozaukee",2024,91,75,16,0,0,0,0,69,54,28,0,0,7,84,0
"Wisconsin","Racine",2024,7,7,0,0,0,0,0,44,44,41,0,0,7,0,0
"Wisconsin","Rock",2024,7,7,0,0,0,0,0,42,42,37,0,0,7,0,0
"Wisconsin","Sauk",2024,91,76,15,0,0,0,0,66,53,31,0,0,6,85,0
"Wisconsin","Sheboygan",2024,7,7,0,0,0,0,0,44,44,44,0,0,7,0,0
"Wisconsin","Taylor",2024,152,149,3,0,0,0,0,80,45,37,0,0,152,0,0
"Wisconsin","Vilas",2024,7,7,0,0,0,0,0,42,42,41,0,0,7,0,0
"Wisconsin","Walworth",2024,7,7,0,0,0,0,0,44,44,40,0,0,7,0,0
"Wisconsin","Waukesha",2024,91,70,21,0,0,0,0,73,58,36,0,0,6,85,0
"Wyoming","Albany",2024,182,126,54,2,0,0,0,115,67,47,0,0,135,32,15
"Wyoming","Campbell",2024,176,157,19,0,0,0,0,94,51,31,0,0,47,87,42
"Wyoming","Carbon",2024,91,91,0,0,0,0,0,35,19,8,0,91,0,0,0
"Wyoming","Converse",2024,92,92,0,0,0,0,0,46,43,37,1,0,85,0,6
"Wyoming","Fremont",2024,159,130,29,0,0,0,0,75,56,41,0,0,54,105,0
"Wyoming","Johnson",2024,91,91,0,0,0,0,0,45,41,34,0,0,88,0,3
"Wyoming","Laramie",2024,92,86,6,0,0,0,0,58,49,42,1,0,71,20,0
"Wyoming","Lincoln",2024,91,91,0,0,0,0,0,49,46,42,0,1,87,3,0
"Wyoming","Natrona",2024,91,89,2,0,0,0,0,53,44,38,0,0,88,3,0
"Wyoming","Park",2024,168,168,0,0,0,0,0,39,21,12,0,0,0,168,0
"Wyoming","Platte",2024,91,83,4,3,1,0,0,161,48,13,0,0,0,0,91
"Wyoming","Sheridan",2024,121,118,3,0,0,0,0,55,42,19,0,0,0,90,31
"Wyoming","Sublette",2024,151,116,34,1,0,0,0,101,67,46,0,0,149,2,0
"Wyoming","Sweetwater",2024,176,173,2,1,0,0,0,118,44,32,0,1,85,87,3
"Wyoming","Teton",2024,182,154,28,0,0,0,0,93,58,43,0,0,145,27,10
"Wyoming","Uinta",2024,91,91,0,0,0,0,0,16,6,4,0,0,0,0,91
"Wyoming","Washakie",2024,145,144,1,0,0,0,0,63,19,8,0,0,0,145,0
